Time,AirTemp,Humidity,Pressure,Rainfall,TrackTemp,WindDirection,WindSpeed,Year,EventName
0 days 00:00:45.438000,29.8,19.0,1016.5,False,35.1,176,1.2,2023,Bahrain Grand Prix
0 days 00:01:45.453000,29.7,19.0,1016.5,False,35.0,182,1.2,2023,Bahrain Grand Prix
0 days 00:02:45.452000,29.7,19.0,1016.5,False,34.9,156,1.1,2023,Bahrain Grand Prix
0 days 00:03:45.466000,29.6,19.0,1016.5,False,34.9,201,0.8,2023,Bahrain Grand Prix
0 days 00:04:45.449000,29.6,19.0,1016.5,False,34.8,219,0.8,2023,Bahrain Grand Prix
0 days 00:05:45.449000,29.6,19.0,1016.5,False,34.7,219,0.8,2023,Bahrain Grand Prix
0 days 00:06:45.447000,29.6,19.0,1016.5,False,34.7,196,0.6,2023,Bahrain Grand Prix
0 days 00:07:45.446000,29.6,18.0,1016.5,False,34.6,200,0.6,2023,Bahrain Grand Prix
0 days 00:08:45.461000,29.5,18.0,1016.5,False,34.5,180,0.8,2023,Bahrain Grand Prix
0 days 00:09:45.460000,29.5,18.0,1016.5,False,34.4,184,1.2,2023,Bahrain Grand Prix
0 days 00:10:45.474000,29.5,18.0,1016.5,False,34.2,199,1.0,2023,Bahrain Grand Prix
0 days 00:11:45.474000,29.5,18.0,1016.5,False,34.1,191,1.2,2023,Bahrain Grand Prix
0 days 00:12:45.472000,29.4,18.0,1016.5,False,34.2,173,1.0,2023,Bahrain Grand Prix
0 days 00:13:45.455000,29.4,18.0,1016.5,False,34.1,165,1.0,2023,Bahrain Grand Prix
0 days 00:14:45.485000,29.4,18.0,1016.5,False,34.0,170,1.1,2023,Bahrain Grand Prix
0 days 00:15:45.500000,29.4,18.0,1016.5,False,34.0,169,1.0,2023,Bahrain Grand Prix
0 days 00:16:45.499000,29.3,18.0,1016.5,False,33.8,180,1.1,2023,Bahrain Grand Prix
0 days 00:17:45.498000,29.3,18.0,1016.5,False,33.8,185,1.2,2023,Bahrain Grand Prix
0 days 00:18:45.497000,29.2,19.0,1016.5,False,33.8,172,1.5,2023,Bahrain Grand Prix
0 days 00:19:45.511000,29.1,21.0,1016.5,False,33.6,172,0.8,2023,Bahrain Grand Prix
0 days 00:20:45.526000,29.1,21.0,1016.5,False,33.6,181,1.0,2023,Bahrain Grand Prix
0 days 00:21:45.509000,29.1,22.0,1016.5,False,33.5,185,1.6,2023,Bahrain Grand Prix
0 days 00:22:45.524000,29.0,24.0,1016.5,False,33.3,180,1.7,2023,Bahrain Grand Prix
0 days 00:23:45.522000,29.0,25.0,1016.5,False,33.2,186,2.2,2023,Bahrain Grand Prix
0 days 00:24:45.523000,28.9,25.0,1016.5,False,33.2,187,2.0,2023,Bahrain Grand Prix
0 days 00:25:45.520000,28.9,25.0,1016.5,False,32.9,185,2.0,2023,Bahrain Grand Prix
0 days 00:26:45.519000,28.8,25.0,1016.5,False,33.1,187,1.7,2023,Bahrain Grand Prix
0 days 00:27:45.534000,28.8,26.0,1016.5,False,33.1,185,1.7,2023,Bahrain Grand Prix
0 days 00:28:45.548000,28.6,26.0,1016.5,False,32.7,180,1.6,2023,Bahrain Grand Prix
0 days 00:29:45.563000,28.6,26.0,1016.7,False,32.7,161,1.2,2023,Bahrain Grand Prix
0 days 00:30:45.577000,28.6,27.0,1016.5,False,32.7,182,1.5,2023,Bahrain Grand Prix
0 days 00:31:45.577000,28.5,27.0,1016.7,False,32.7,162,2.0,2023,Bahrain Grand Prix
0 days 00:32:45.575000,28.4,27.0,1016.5,False,32.7,181,1.3,2023,Bahrain Grand Prix
0 days 00:33:45.591000,28.4,28.0,1016.5,False,32.3,173,1.7,2023,Bahrain Grand Prix
0 days 00:34:45.573000,28.4,28.0,1016.7,False,32.2,184,1.2,2023,Bahrain Grand Prix
0 days 00:35:45.588000,28.4,28.0,1016.7,False,32.2,175,1.1,2023,Bahrain Grand Prix
0 days 00:36:45.586000,28.3,28.0,1016.5,False,32.2,180,0.8,2023,Bahrain Grand Prix
0 days 00:37:45.585000,28.3,28.0,1016.7,False,32.1,194,0.6,2023,Bahrain Grand Prix
0 days 00:38:45.600000,28.2,26.0,1016.7,False,32.2,162,0.8,2023,Bahrain Grand Prix
0 days 00:39:45.614000,28.2,25.0,1016.5,False,32.2,164,0.8,2023,Bahrain Grand Prix
0 days 00:40:45.629000,28.1,24.0,1016.7,False,32.2,172,1.1,2023,Bahrain Grand Prix
0 days 00:41:45.628000,28.0,23.0,1016.7,False,32.2,167,0.8,2023,Bahrain Grand Prix
0 days 00:42:45.627000,28.0,23.0,1016.7,False,32.2,165,0.8,2023,Bahrain Grand Prix
0 days 00:43:45.626000,28.0,22.0,1016.7,False,32.1,176,0.6,2023,Bahrain Grand Prix
0 days 00:44:45.640000,28.0,22.0,1016.7,False,32.1,179,0.8,2023,Bahrain Grand Prix
0 days 00:45:45.639000,28.0,21.0,1016.7,False,32.1,261,0.6,2023,Bahrain Grand Prix
0 days 00:46:45.654000,28.0,22.0,1016.5,False,32.0,202,0.8,2023,Bahrain Grand Prix
0 days 00:47:45.668000,27.9,21.0,1016.7,False,31.9,133,0.8,2023,Bahrain Grand Prix
0 days 00:48:45.667000,27.8,21.0,1016.7,False,32.0,207,1.0,2023,Bahrain Grand Prix
0 days 00:49:45.682000,27.7,22.0,1016.7,False,31.7,199,0.6,2023,Bahrain Grand Prix
0 days 00:50:45.696000,27.6,22.0,1016.7,False,31.7,177,0.8,2023,Bahrain Grand Prix
0 days 00:51:45.695000,27.6,22.0,1016.7,False,31.6,231,0.6,2023,Bahrain Grand Prix
0 days 00:52:45.710000,27.6,22.0,1016.7,False,31.6,217,0.5,2023,Bahrain Grand Prix
0 days 00:53:45.708000,27.6,22.0,1016.7,False,31.6,217,0.4,2023,Bahrain Grand Prix
0 days 00:54:45.707000,27.5,22.0,1016.7,False,31.6,0,0.5,2023,Bahrain Grand Prix
0 days 00:55:45.706000,27.5,22.0,1016.7,False,31.6,168,0.3,2023,Bahrain Grand Prix
0 days 00:56:45.705000,27.5,22.0,1016.7,False,31.4,178,0.6,2023,Bahrain Grand Prix
0 days 00:57:45.704000,27.5,22.0,1016.7,False,31.4,203,0.4,2023,Bahrain Grand Prix
0 days 00:58:45.734000,27.4,22.0,1016.7,False,31.4,196,0.6,2023,Bahrain Grand Prix
0 days 00:59:45.702000,27.4,22.0,1016.7,False,31.3,174,0.5,2023,Bahrain Grand Prix
0 days 01:00:45.701000,27.4,22.0,1016.7,False,31.3,205,0.3,2023,Bahrain Grand Prix
0 days 01:01:45.700000,27.3,22.0,1016.7,False,31.3,0,0.6,2023,Bahrain Grand Prix
0 days 01:02:45.730000,27.3,22.0,1016.7,False,31.2,226,0.5,2023,Bahrain Grand Prix
0 days 01:03:45.760000,27.3,22.0,1016.7,False,31.2,190,0.6,2023,Bahrain Grand Prix
0 days 01:04:45.759000,27.3,22.0,1016.7,False,31.1,208,0.0,2023,Bahrain Grand Prix
0 days 01:05:45.758000,27.3,22.0,1016.9,False,31.1,197,0.6,2023,Bahrain Grand Prix
0 days 01:06:45.757000,27.3,22.0,1016.7,False,31.2,170,0.6,2023,Bahrain Grand Prix
0 days 01:07:45.756000,27.3,22.0,1016.7,False,31.2,204,0.4,2023,Bahrain Grand Prix
0 days 01:08:45.755000,27.2,22.0,1016.9,False,31.1,236,0.8,2023,Bahrain Grand Prix
0 days 01:09:45.754000,27.2,22.0,1016.7,False,31.0,206,1.0,2023,Bahrain Grand Prix
0 days 01:10:45.752000,27.2,22.0,1016.9,False,31.0,225,0.6,2023,Bahrain Grand Prix
0 days 01:11:45.751000,27.1,22.0,1016.9,False,31.0,175,0.6,2023,Bahrain Grand Prix
0 days 01:12:45.782000,27.1,22.0,1016.9,False,30.9,210,0.6,2023,Bahrain Grand Prix
0 days 01:13:45.765000,27.1,21.0,1016.9,False,30.9,197,0.6,2023,Bahrain Grand Prix
0 days 01:14:45.764000,27.1,21.0,1016.9,False,30.9,173,1.0,2023,Bahrain Grand Prix
0 days 01:15:45.794000,27.1,21.0,1016.9,False,30.9,201,0.6,2023,Bahrain Grand Prix
0 days 01:16:45.809000,27.2,21.0,1016.9,False,30.8,193,0.6,2023,Bahrain Grand Prix
0 days 01:17:45.807000,27.1,21.0,1016.9,False,30.8,180,0.8,2023,Bahrain Grand Prix
0 days 01:18:45.822000,27.1,21.0,1016.9,False,30.8,195,0.8,2023,Bahrain Grand Prix
0 days 01:19:45.836000,27.2,21.0,1016.9,False,30.6,155,0.6,2023,Bahrain Grand Prix
0 days 01:20:45.867000,27.1,21.0,1016.9,False,30.6,179,0.8,2023,Bahrain Grand Prix
0 days 01:21:45.834000,27.1,21.0,1016.9,False,30.6,178,1.2,2023,Bahrain Grand Prix
0 days 01:22:45.833000,27.1,21.0,1017.0,False,30.5,161,1.0,2023,Bahrain Grand Prix
0 days 01:23:45.832000,27.1,21.0,1016.9,False,30.5,152,0.8,2023,Bahrain Grand Prix
0 days 01:24:45.831000,27.1,21.0,1016.9,False,30.5,171,0.8,2023,Bahrain Grand Prix
0 days 01:25:45.830000,27.1,21.0,1016.9,False,30.5,141,0.8,2023,Bahrain Grand Prix
0 days 01:26:45.829000,27.1,21.0,1016.9,False,30.5,187,0.6,2023,Bahrain Grand Prix
0 days 01:27:45.828000,27.0,21.0,1017.0,False,30.5,179,0.6,2023,Bahrain Grand Prix
0 days 01:28:45.827000,27.0,21.0,1017.0,False,30.4,178,0.8,2023,Bahrain Grand Prix
0 days 01:29:45.841000,27.0,20.0,1017.0,False,30.3,214,0.6,2023,Bahrain Grand Prix
0 days 01:30:45.856000,27.0,21.0,1017.0,False,30.3,208,0.6,2023,Bahrain Grand Prix
0 days 01:31:45.839000,27.0,21.0,1017.0,False,30.3,197,0.6,2023,Bahrain Grand Prix
0 days 01:32:45.838000,26.9,21.0,1017.0,False,30.3,212,0.4,2023,Bahrain Grand Prix
0 days 01:33:45.852000,26.9,20.0,1017.0,False,30.3,174,0.6,2023,Bahrain Grand Prix
0 days 01:34:45.836000,26.9,21.0,1017.0,False,30.2,240,0.6,2023,Bahrain Grand Prix
0 days 01:35:45.835000,26.9,21.0,1017.0,False,30.2,239,0.4,2023,Bahrain Grand Prix
0 days 01:36:45.834000,26.9,21.0,1017.0,False,30.1,182,0.6,2023,Bahrain Grand Prix
0 days 01:37:45.832000,26.8,21.0,1017.0,False,30.1,229,0.5,2023,Bahrain Grand Prix
0 days 01:38:45.831000,26.8,21.0,1017.0,False,30.0,183,0.4,2023,Bahrain Grand Prix
0 days 01:39:45.830000,26.7,21.0,1017.0,False,30.0,241,0.5,2023,Bahrain Grand Prix
0 days 01:40:45.845000,26.7,21.0,1017.0,False,29.9,217,0.4,2023,Bahrain Grand Prix
0 days 01:41:45.828000,26.7,21.0,1017.0,False,29.9,199,0.8,2023,Bahrain Grand Prix
0 days 01:42:45.843000,26.7,21.0,1017.0,False,29.9,183,0.6,2023,Bahrain Grand Prix
0 days 01:43:45.826000,26.7,21.0,1016.9,False,29.9,180,0.6,2023,Bahrain Grand Prix
0 days 01:44:45.841000,26.7,21.0,1017.0,False,29.9,195,0.5,2023,Bahrain Grand Prix
0 days 01:45:45.855000,26.7,21.0,1017.0,False,29.9,186,0.6,2023,Bahrain Grand Prix
0 days 01:46:45.854000,26.8,21.0,1017.0,False,29.9,175,0.6,2023,Bahrain Grand Prix
0 days 01:47:45.853000,26.8,21.0,1017.0,False,29.9,190,0.5,2023,Bahrain Grand Prix
0 days 01:48:45.867000,26.7,21.0,1017.0,False,29.9,199,0.8,2023,Bahrain Grand Prix
0 days 01:49:45.866000,26.7,21.0,1017.0,False,29.9,194,0.6,2023,Bahrain Grand Prix
0 days 01:50:45.896000,26.6,21.0,1017.0,False,29.7,193,0.6,2023,Bahrain Grand Prix
0 days 01:51:45.880000,26.7,21.0,1017.0,False,29.8,171,0.6,2023,Bahrain Grand Prix
0 days 01:52:45.894000,26.7,21.0,1017.0,False,29.7,228,0.6,2023,Bahrain Grand Prix
0 days 01:53:45.878000,26.7,21.0,1017.0,False,29.6,154,0.6,2023,Bahrain Grand Prix
0 days 01:54:45.892000,26.7,21.0,1017.0,False,29.6,204,0.6,2023,Bahrain Grand Prix
0 days 01:55:45.875000,26.7,21.0,1017.0,False,29.6,246,0.6,2023,Bahrain Grand Prix
0 days 01:56:45.906000,26.7,21.0,1017.0,False,29.6,212,0.6,2023,Bahrain Grand Prix
0 days 01:57:45.873000,26.7,21.0,1017.0,False,29.6,256,0.5,2023,Bahrain Grand Prix
0 days 01:58:45.903000,26.6,21.0,1017.0,False,29.6,189,0.5,2023,Bahrain Grand Prix
0 days 01:59:45.918000,26.6,21.0,1017.0,False,29.6,218,0.4,2023,Bahrain Grand Prix
0 days 02:00:45.933000,26.7,21.0,1017.0,False,29.6,192,0.4,2023,Bahrain Grand Prix
0 days 02:01:45.932000,26.6,21.0,1017.0,False,29.6,179,0.5,2023,Bahrain Grand Prix
0 days 02:02:45.930000,26.6,21.0,1017.0,False,29.6,0,0.4,2023,Bahrain Grand Prix
0 days 02:03:45.929000,26.6,21.0,1017.0,False,29.5,230,0.4,2023,Bahrain Grand Prix
0 days 02:04:45.944000,26.5,21.0,1017.2,False,29.5,168,0.6,2023,Bahrain Grand Prix
0 days 02:05:45.958000,26.5,21.0,1017.0,False,29.5,0,0.0,2023,Bahrain Grand Prix
0 days 02:06:45.958000,26.5,21.0,1017.0,False,29.5,222,0.6,2023,Bahrain Grand Prix
0 days 02:07:45.956000,26.5,21.0,1017.0,False,29.5,172,0.4,2023,Bahrain Grand Prix
0 days 02:08:45.955000,26.5,21.0,1017.0,False,29.5,0,0.4,2023,Bahrain Grand Prix
0 days 02:09:45.954000,26.5,21.0,1017.0,False,29.4,0,0.0,2023,Bahrain Grand Prix
0 days 02:10:45.953000,26.5,21.0,1017.2,False,29.3,0,0.0,2023,Bahrain Grand Prix
0 days 02:11:45.952000,26.5,21.0,1017.2,False,29.4,0,0.0,2023,Bahrain Grand Prix
0 days 02:12:45.951000,26.4,21.0,1017.2,False,29.3,184,0.0,2023,Bahrain Grand Prix
0 days 02:13:45.965000,26.4,21.0,1017.0,False,29.3,214,0.8,2023,Bahrain Grand Prix
0 days 02:14:45.964000,26.4,21.0,1017.0,False,29.2,0,0.0,2023,Bahrain Grand Prix
0 days 02:15:45.979000,26.4,21.0,1017.0,False,29.2,129,0.3,2023,Bahrain Grand Prix
0 days 02:16:45.962000,26.4,21.0,1017.0,False,29.1,0,0.5,2023,Bahrain Grand Prix
0 days 02:17:45.961000,26.4,21.0,1017.0,False,29.1,181,0.6,2023,Bahrain Grand Prix
0 days 02:18:45.960000,26.4,21.0,1017.2,False,29.1,183,0.0,2023,Bahrain Grand Prix
0 days 02:19:45.959000,26.4,21.0,1017.0,False,29.0,207,0.3,2023,Bahrain Grand Prix
0 days 02:20:45.958000,26.4,21.0,1017.2,False,29.0,297,0.0,2023,Bahrain Grand Prix
0 days 02:21:45.957000,26.4,21.0,1017.2,False,29.0,302,0.3,2023,Bahrain Grand Prix
0 days 02:22:45.956000,26.3,21.0,1017.2,False,29.0,336,0.0,2023,Bahrain Grand Prix
0 days 02:23:45.970000,26.4,21.0,1017.2,False,29.0,308,0.6,2023,Bahrain Grand Prix
0 days 02:24:45.985000,26.3,21.0,1017.2,False,29.0,0,0.0,2023,Bahrain Grand Prix
0 days 02:25:45.999000,26.3,21.0,1017.2,False,29.0,339,0.0,2023,Bahrain Grand Prix
0 days 02:26:46.014000,26.3,21.0,1017.2,False,28.9,246,0.0,2023,Bahrain Grand Prix
0 days 02:27:46.013000,26.3,21.0,1017.2,False,28.9,0,0.3,2023,Bahrain Grand Prix
0 days 02:28:46.043000,26.3,21.0,1017.4,False,28.9,0,0.0,2023,Bahrain Grand Prix
0 days 02:29:46.011000,26.3,21.0,1017.2,False,28.8,305,0.0,2023,Bahrain Grand Prix
0 days 02:30:46.009000,26.3,21.0,1017.2,False,28.8,38,0.4,2023,Bahrain Grand Prix
0 days 02:31:46.008000,26.2,21.0,1017.2,False,28.8,269,0.3,2023,Bahrain Grand Prix
0 days 02:32:46.023000,26.3,21.0,1017.4,False,28.8,0,0.0,2023,Bahrain Grand Prix
0 days 02:33:46.022000,26.2,21.0,1017.4,False,28.8,95,0.5,2023,Bahrain Grand Prix
0 days 02:34:46.036000,26.3,21.0,1017.4,False,28.7,268,0.4,2023,Bahrain Grand Prix
0 days 02:35:46.035000,26.3,21.0,1017.4,False,28.7,116,0.6,2023,Bahrain Grand Prix
0 days 02:36:46.050000,26.3,21.0,1017.4,False,28.7,242,0.6,2023,Bahrain Grand Prix
0 days 02:37:46.064000,26.3,21.0,1017.4,False,28.7,64,0.0,2023,Bahrain Grand Prix
0 days 02:38:46.063000,26.3,21.0,1017.5,False,28.7,0,0.4,2023,Bahrain Grand Prix
0 days 02:39:46.109000,26.3,21.0,1017.4,False,28.7,352,0.5,2023,Bahrain Grand Prix
0 days 02:40:46.061000,26.2,21.0,1017.5,False,28.7,215,0.3,2023,Bahrain Grand Prix
0 days 00:00:59.871000,26.0,62.0,1010.5,False,34.0,315,2.7,2023,Saudi Arabian Grand Prix
0 days 00:01:59.870000,26.0,61.0,1010.5,False,34.1,305,2.9,2023,Saudi Arabian Grand Prix
0 days 00:02:59.869000,26.0,61.0,1010.5,False,34.2,325,2.7,2023,Saudi Arabian Grand Prix
0 days 00:03:59.868000,26.0,61.0,1010.5,False,34.2,325,2.7,2023,Saudi Arabian Grand Prix
0 days 00:04:59.867000,26.0,60.0,1010.5,False,34.3,322,2.7,2023,Saudi Arabian Grand Prix
0 days 00:05:59.866000,26.0,61.0,1010.5,False,34.2,334,3.0,2023,Saudi Arabian Grand Prix
0 days 00:06:59.865000,26.0,61.0,1010.5,False,34.0,320,3.4,2023,Saudi Arabian Grand Prix
0 days 00:07:59.863000,26.0,62.0,1010.7,False,34.0,325,2.5,2023,Saudi Arabian Grand Prix
0 days 00:08:59.862000,26.0,62.0,1010.5,False,34.0,341,2.7,2023,Saudi Arabian Grand Prix
0 days 00:09:59.861000,26.0,62.0,1010.5,False,34.0,318,2.9,2023,Saudi Arabian Grand Prix
0 days 00:10:59.876000,26.0,62.0,1010.7,False,34.0,327,3.2,2023,Saudi Arabian Grand Prix
0 days 00:11:59.875000,26.0,62.0,1010.7,False,33.7,330,3.4,2023,Saudi Arabian Grand Prix
0 days 00:12:59.874000,26.0,61.0,1010.7,False,33.7,323,2.5,2023,Saudi Arabian Grand Prix
0 days 00:13:59.873000,26.0,60.0,1010.7,False,34.1,315,3.0,2023,Saudi Arabian Grand Prix
0 days 00:14:59.872000,26.0,61.0,1010.5,False,33.9,312,3.5,2023,Saudi Arabian Grand Prix
0 days 00:15:59.870000,26.0,61.0,1010.5,False,33.9,324,3.7,2023,Saudi Arabian Grand Prix
0 days 00:16:59.916000,26.0,61.0,1010.5,False,33.9,330,3.2,2023,Saudi Arabian Grand Prix
0 days 00:17:59.868000,26.0,61.0,1010.5,False,33.3,324,2.7,2023,Saudi Arabian Grand Prix
0 days 00:18:59.867000,26.0,61.0,1010.5,False,33.4,316,3.2,2023,Saudi Arabian Grand Prix
0 days 00:19:59.897000,26.0,61.0,1010.5,False,33.4,335,3.5,2023,Saudi Arabian Grand Prix
0 days 00:20:59.881000,26.0,61.0,1010.5,False,33.3,326,3.5,2023,Saudi Arabian Grand Prix
0 days 00:21:59.864000,26.0,62.0,1010.5,False,33.3,331,2.2,2023,Saudi Arabian Grand Prix
0 days 00:22:59.863000,26.0,62.0,1010.5,False,33.3,329,3.0,2023,Saudi Arabian Grand Prix
0 days 00:23:59.862000,26.1,62.0,1010.5,False,33.3,330,2.7,2023,Saudi Arabian Grand Prix
0 days 00:24:59.876000,26.2,61.0,1010.7,False,33.3,331,2.7,2023,Saudi Arabian Grand Prix
0 days 00:25:59.875000,26.2,61.0,1010.5,False,33.0,339,2.7,2023,Saudi Arabian Grand Prix
0 days 00:26:59.874000,26.3,59.0,1010.7,False,33.0,335,2.9,2023,Saudi Arabian Grand Prix
0 days 00:27:59.873000,26.3,60.0,1010.7,False,33.1,329,2.4,2023,Saudi Arabian Grand Prix
0 days 00:28:59.872000,26.4,59.0,1010.7,False,33.1,317,2.0,2023,Saudi Arabian Grand Prix
0 days 00:29:59.871000,26.4,59.0,1010.7,False,33.9,308,2.9,2023,Saudi Arabian Grand Prix
0 days 00:30:59.870000,26.4,58.0,1010.7,False,33.9,316,2.5,2023,Saudi Arabian Grand Prix
0 days 00:31:59.869000,26.3,58.0,1010.7,False,33.5,317,2.7,2023,Saudi Arabian Grand Prix
0 days 00:32:59.868000,26.3,58.0,1010.7,False,33.1,303,2.5,2023,Saudi Arabian Grand Prix
0 days 00:33:59.866000,26.2,57.0,1010.7,False,33.1,293,2.7,2023,Saudi Arabian Grand Prix
0 days 00:34:59.865000,26.1,58.0,1010.7,False,32.9,317,2.5,2023,Saudi Arabian Grand Prix
0 days 00:35:59.880000,26.1,59.0,1010.7,False,32.5,314,3.2,2023,Saudi Arabian Grand Prix
0 days 00:36:59.894000,26.1,58.0,1010.7,False,32.4,318,2.9,2023,Saudi Arabian Grand Prix
0 days 00:37:59.925000,26.1,58.0,1010.9,False,32.5,291,2.7,2023,Saudi Arabian Grand Prix
0 days 00:38:59.939000,26.0,58.0,1010.7,False,32.5,316,2.2,2023,Saudi Arabian Grand Prix
0 days 00:39:59.954000,26.0,59.0,1010.9,False,32.5,330,2.5,2023,Saudi Arabian Grand Prix
0 days 00:40:59.968000,26.0,58.0,1010.9,False,32.5,319,2.7,2023,Saudi Arabian Grand Prix
0 days 00:41:59.967000,26.0,58.0,1010.7,False,32.5,299,2.4,2023,Saudi Arabian Grand Prix
0 days 00:42:59.966000,26.0,58.0,1010.9,False,32.1,329,2.9,2023,Saudi Arabian Grand Prix
0 days 00:43:59.996000,26.0,58.0,1010.9,False,32.5,338,2.2,2023,Saudi Arabian Grand Prix
0 days 00:45:00.011000,26.0,59.0,1010.7,False,32.0,311,2.5,2023,Saudi Arabian Grand Prix
0 days 00:45:59.994000,26.0,59.0,1010.9,False,32.0,324,2.5,2023,Saudi Arabian Grand Prix
0 days 00:47:00.009000,26.0,59.0,1010.7,False,31.9,309,2.0,2023,Saudi Arabian Grand Prix
0 days 00:48:00.023000,26.0,58.0,1010.9,False,32.1,312,1.5,2023,Saudi Arabian Grand Prix
0 days 00:49:00.038000,26.0,57.0,1010.9,False,32.1,297,1.5,2023,Saudi Arabian Grand Prix
0 days 00:50:00.037000,26.0,57.0,1011.0,False,32.1,342,1.7,2023,Saudi Arabian Grand Prix
0 days 00:51:00.051000,26.0,57.0,1010.9,False,32.1,340,1.1,2023,Saudi Arabian Grand Prix
0 days 00:52:00.050000,26.0,56.0,1010.9,False,32.1,351,0.8,2023,Saudi Arabian Grand Prix
0 days 00:53:00.049000,25.9,56.0,1010.9,False,31.9,323,1.2,2023,Saudi Arabian Grand Prix
0 days 00:54:00.063000,25.9,57.0,1011.0,False,31.9,325,1.3,2023,Saudi Arabian Grand Prix
0 days 00:55:00.062000,25.9,56.0,1010.9,False,31.9,322,1.7,2023,Saudi Arabian Grand Prix
0 days 00:56:00.061000,25.9,56.0,1010.9,False,31.9,319,1.3,2023,Saudi Arabian Grand Prix
0 days 00:57:00.076000,25.9,55.0,1011.0,False,31.8,279,0.8,2023,Saudi Arabian Grand Prix
0 days 00:58:00.090000,25.9,55.0,1011.0,False,31.9,338,1.2,2023,Saudi Arabian Grand Prix
0 days 00:59:00.105000,25.9,55.0,1010.9,False,32.0,323,1.5,2023,Saudi Arabian Grand Prix
0 days 01:00:00.088000,25.9,55.0,1010.9,False,32.0,308,1.3,2023,Saudi Arabian Grand Prix
0 days 01:01:00.103000,25.9,55.0,1011.0,False,32.2,298,1.8,2023,Saudi Arabian Grand Prix
0 days 01:02:00.117000,25.9,55.0,1010.9,False,31.9,318,2.2,2023,Saudi Arabian Grand Prix
0 days 01:03:00.116000,25.9,56.0,1011.0,False,31.6,317,1.8,2023,Saudi Arabian Grand Prix
0 days 01:04:00.131000,26.0,56.0,1011.0,False,31.7,335,2.0,2023,Saudi Arabian Grand Prix
0 days 01:05:00.130000,26.0,55.0,1011.0,False,31.7,326,1.7,2023,Saudi Arabian Grand Prix
0 days 01:06:00.129000,25.9,56.0,1011.0,False,31.9,0,1.7,2023,Saudi Arabian Grand Prix
0 days 01:07:00.127000,26.0,55.0,1011.0,False,32.2,352,1.1,2023,Saudi Arabian Grand Prix
0 days 01:08:00.126000,26.0,56.0,1011.0,False,31.5,291,1.3,2023,Saudi Arabian Grand Prix
0 days 01:09:00.125000,26.1,55.0,1011.0,False,31.5,310,1.6,2023,Saudi Arabian Grand Prix
0 days 01:10:00.124000,26.2,55.0,1011.0,False,31.6,292,1.7,2023,Saudi Arabian Grand Prix
0 days 01:11:00.123000,26.3,55.0,1011.0,False,31.6,292,1.7,2023,Saudi Arabian Grand Prix
0 days 01:12:00.122000,26.3,55.0,1011.0,False,31.5,289,1.5,2023,Saudi Arabian Grand Prix
0 days 01:13:00.121000,26.4,55.0,1011.0,False,31.6,326,1.3,2023,Saudi Arabian Grand Prix
0 days 01:14:00.120000,26.4,55.0,1011.0,False,31.6,284,0.6,2023,Saudi Arabian Grand Prix
0 days 01:15:00.119000,26.4,55.0,1011.0,False,31.7,9,1.2,2023,Saudi Arabian Grand Prix
0 days 01:16:00.133000,26.3,55.0,1011.0,False,31.6,311,0.6,2023,Saudi Arabian Grand Prix
0 days 01:17:00.117000,26.4,56.0,1011.0,False,31.6,160,1.2,2023,Saudi Arabian Grand Prix
0 days 01:18:00.131000,26.4,55.0,1011.0,False,31.4,305,1.2,2023,Saudi Arabian Grand Prix
0 days 01:19:00.130000,26.4,55.0,1011.0,False,31.4,305,1.2,2023,Saudi Arabian Grand Prix
0 days 01:20:00.129000,26.3,56.0,1011.0,False,31.3,274,1.1,2023,Saudi Arabian Grand Prix
0 days 01:21:00.128000,26.3,56.0,1011.0,False,31.7,311,1.1,2023,Saudi Arabian Grand Prix
0 days 01:22:00.127000,26.3,56.0,1011.0,False,31.4,286,1.2,2023,Saudi Arabian Grand Prix
0 days 01:23:00.126000,26.3,56.0,1011.2,False,31.4,108,1.0,2023,Saudi Arabian Grand Prix
0 days 01:24:00.125000,26.3,56.0,1011.0,False,31.4,288,0.8,2023,Saudi Arabian Grand Prix
0 days 01:25:00.123000,26.3,56.0,1011.2,False,31.4,308,0.8,2023,Saudi Arabian Grand Prix
0 days 01:26:00.122000,26.3,56.0,1011.0,False,31.3,133,0.8,2023,Saudi Arabian Grand Prix
0 days 01:27:00.121000,26.2,56.0,1011.0,False,31.5,313,0.8,2023,Saudi Arabian Grand Prix
0 days 01:28:00.120000,26.2,56.0,1011.0,False,31.4,294,1.7,2023,Saudi Arabian Grand Prix
0 days 01:29:00.135000,26.2,56.0,1011.0,False,31.5,292,1.6,2023,Saudi Arabian Grand Prix
0 days 01:30:00.165000,26.3,56.0,1011.0,False,31.5,296,1.2,2023,Saudi Arabian Grand Prix
0 days 01:31:00.164000,26.2,57.0,1011.0,False,31.5,327,1.3,2023,Saudi Arabian Grand Prix
0 days 01:32:00.178000,26.2,57.0,1011.2,False,31.3,309,0.8,2023,Saudi Arabian Grand Prix
0 days 01:33:00.193000,26.1,58.0,1011.2,False,31.2,332,2.0,2023,Saudi Arabian Grand Prix
0 days 01:34:00.192000,26.1,58.0,1011.0,False,31.2,310,1.0,2023,Saudi Arabian Grand Prix
0 days 01:35:00.206000,26.1,58.0,1011.0,False,31.1,311,1.2,2023,Saudi Arabian Grand Prix
0 days 01:36:00.205000,26.0,58.0,1011.0,False,31.0,345,1.7,2023,Saudi Arabian Grand Prix
0 days 01:37:00.204000,26.0,58.0,1011.0,False,31.1,308,1.2,2023,Saudi Arabian Grand Prix
0 days 01:38:00.219000,26.0,58.0,1011.0,False,31.1,59,1.5,2023,Saudi Arabian Grand Prix
0 days 01:39:00.233000,26.0,58.0,1011.0,False,31.1,300,1.5,2023,Saudi Arabian Grand Prix
0 days 01:40:00.232000,26.0,57.0,1011.0,False,30.9,293,1.3,2023,Saudi Arabian Grand Prix
0 days 01:41:00.247000,26.0,57.0,1011.0,False,31.0,318,0.8,2023,Saudi Arabian Grand Prix
0 days 01:42:00.246000,26.0,57.0,1011.0,False,31.0,295,1.8,2023,Saudi Arabian Grand Prix
0 days 01:43:00.245000,26.1,57.0,1011.2,False,31.0,307,1.3,2023,Saudi Arabian Grand Prix
0 days 01:44:00.259000,26.1,56.0,1011.0,False,31.0,294,1.3,2023,Saudi Arabian Grand Prix
0 days 01:45:00.258000,26.1,55.0,1011.0,False,31.0,271,1.3,2023,Saudi Arabian Grand Prix
0 days 01:46:00.257000,26.1,55.0,1011.0,False,31.0,317,2.2,2023,Saudi Arabian Grand Prix
0 days 01:47:00.271000,26.2,55.0,1011.0,False,31.0,0,2.0,2023,Saudi Arabian Grand Prix
0 days 01:48:00.270000,26.2,55.0,1011.0,False,30.9,135,1.2,2023,Saudi Arabian Grand Prix
0 days 01:49:00.285000,26.2,55.0,1011.0,False,31.0,309,1.0,2023,Saudi Arabian Grand Prix
0 days 01:50:00.299000,26.2,55.0,1011.0,False,30.8,289,1.0,2023,Saudi Arabian Grand Prix
0 days 01:51:00.298000,26.3,55.0,1011.0,False,31.1,85,1.2,2023,Saudi Arabian Grand Prix
0 days 01:52:00.313000,26.3,55.0,1011.0,False,31.1,276,1.7,2023,Saudi Arabian Grand Prix
0 days 01:53:00.312000,26.3,55.0,1011.0,False,30.9,116,0.8,2023,Saudi Arabian Grand Prix
0 days 01:54:00.311000,26.3,55.0,1011.0,False,30.6,66,1.1,2023,Saudi Arabian Grand Prix
0 days 01:55:00.310000,26.3,55.0,1011.0,False,30.9,231,0.8,2023,Saudi Arabian Grand Prix
0 days 01:56:00.309000,26.3,55.0,1010.9,False,30.5,283,1.0,2023,Saudi Arabian Grand Prix
0 days 01:57:00.339000,26.3,55.0,1011.0,False,30.5,337,0.6,2023,Saudi Arabian Grand Prix
0 days 01:58:00.338000,26.3,55.0,1011.2,False,30.7,334,1.1,2023,Saudi Arabian Grand Prix
0 days 01:59:00.368000,26.3,56.0,1011.0,False,30.7,83,1.1,2023,Saudi Arabian Grand Prix
0 days 02:00:00.367000,26.2,56.0,1011.2,False,30.8,264,0.8,2023,Saudi Arabian Grand Prix
0 days 02:01:00.366000,26.3,57.0,1011.2,False,30.4,278,1.3,2023,Saudi Arabian Grand Prix
0 days 02:02:00.380000,26.2,58.0,1011.2,False,30.3,320,1.6,2023,Saudi Arabian Grand Prix
0 days 02:03:00.379000,26.2,58.0,1011.2,False,30.3,272,1.1,2023,Saudi Arabian Grand Prix
0 days 02:04:00.378000,26.1,58.0,1011.2,False,30.3,320,1.2,2023,Saudi Arabian Grand Prix
0 days 02:05:00.377000,26.1,58.0,1011.2,False,30.7,340,1.7,2023,Saudi Arabian Grand Prix
0 days 02:06:00.376000,26.0,58.0,1011.4,False,30.7,262,0.8,2023,Saudi Arabian Grand Prix
0 days 02:07:00.375000,26.0,59.0,1011.0,False,30.3,324,1.7,2023,Saudi Arabian Grand Prix
0 days 02:08:00.374000,26.0,59.0,1011.2,False,30.2,291,2.0,2023,Saudi Arabian Grand Prix
0 days 02:09:00.373000,26.0,59.0,1011.2,False,30.2,346,1.1,2023,Saudi Arabian Grand Prix
0 days 02:10:00.371000,26.0,59.0,1011.2,False,30.1,40,1.7,2023,Saudi Arabian Grand Prix
0 days 02:11:00.370000,26.0,59.0,1011.2,False,30.3,83,1.2,2023,Saudi Arabian Grand Prix
0 days 02:12:00.386000,26.0,59.0,1011.2,False,30.5,281,1.1,2023,Saudi Arabian Grand Prix
0 days 02:13:00.384000,25.9,59.0,1011.2,False,30.5,301,2.2,2023,Saudi Arabian Grand Prix
0 days 02:14:00.383000,25.9,59.0,1011.2,False,30.5,18,2.5,2023,Saudi Arabian Grand Prix
0 days 02:15:00.382000,26.0,59.0,1011.2,False,30.3,153,1.1,2023,Saudi Arabian Grand Prix
0 days 02:16:00.381000,26.0,59.0,1011.4,False,30.3,0,0.6,2023,Saudi Arabian Grand Prix
0 days 02:17:00.380000,26.0,59.0,1011.2,False,30.3,30,1.2,2023,Saudi Arabian Grand Prix
0 days 02:18:00.378000,26.0,59.0,1011.2,False,30.3,269,1.3,2023,Saudi Arabian Grand Prix
0 days 02:19:00.377000,26.0,60.0,1011.2,False,30.2,27,1.2,2023,Saudi Arabian Grand Prix
0 days 02:20:00.376000,26.0,59.0,1011.2,False,30.2,24,0.4,2023,Saudi Arabian Grand Prix
0 days 02:21:00.375000,26.0,59.0,1011.2,False,30.3,47,1.6,2023,Saudi Arabian Grand Prix
0 days 02:22:00.374000,26.0,59.0,1011.2,False,30.1,322,1.7,2023,Saudi Arabian Grand Prix
0 days 02:23:00.373000,26.0,59.0,1011.2,False,30.0,58,1.2,2023,Saudi Arabian Grand Prix
0 days 02:24:00.372000,25.9,60.0,1011.2,False,30.0,8,1.1,2023,Saudi Arabian Grand Prix
0 days 02:25:00.371000,25.9,60.0,1011.4,False,30.3,276,1.1,2023,Saudi Arabian Grand Prix
0 days 02:26:00.370000,25.8,60.0,1011.4,False,29.9,46,2.0,2023,Saudi Arabian Grand Prix
0 days 02:27:00.369000,25.8,60.0,1011.2,False,30.0,290,1.1,2023,Saudi Arabian Grand Prix
0 days 02:28:00.383000,25.8,60.0,1011.2,False,30.1,315,0.8,2023,Saudi Arabian Grand Prix
0 days 00:00:35.812000,17.1,53.0,1018.5,False,35.0,0,1.6,2023,Australian Grand Prix
0 days 00:01:35.812000,17.2,52.0,1018.7,False,35.1,0,0.8,2023,Australian Grand Prix
0 days 00:02:35.811000,17.2,52.0,1018.7,False,35.1,168,0.6,2023,Australian Grand Prix
0 days 00:03:35.826000,17.3,51.0,1018.7,False,35.1,8,0.8,2023,Australian Grand Prix
0 days 00:04:35.825000,17.3,51.0,1018.7,False,34.8,200,0.8,2023,Australian Grand Prix
0 days 00:05:35.824000,17.3,51.0,1018.7,False,34.9,300,0.6,2023,Australian Grand Prix
0 days 00:06:35.808000,17.3,51.0,1018.5,False,34.8,286,0.8,2023,Australian Grand Prix
0 days 00:07:35.823000,17.3,51.0,1018.5,False,34.5,213,1.0,2023,Australian Grand Prix
0 days 00:08:35.822000,17.2,52.0,1018.5,False,34.5,284,1.5,2023,Australian Grand Prix
0 days 00:09:35.822000,17.2,51.0,1018.5,False,34.6,152,1.1,2023,Australian Grand Prix
0 days 00:10:35.821000,17.3,52.0,1018.5,False,34.7,155,0.8,2023,Australian Grand Prix
0 days 00:11:35.820000,17.1,53.0,1018.5,False,34.6,351,1.0,2023,Australian Grand Prix
0 days 00:12:35.820000,17.1,50.0,1018.5,False,34.9,0,1.1,2023,Australian Grand Prix
0 days 00:13:35.834000,17.1,51.0,1018.5,False,34.6,146,0.5,2023,Australian Grand Prix
0 days 00:14:35.818000,17.2,51.0,1018.7,False,34.5,165,1.3,2023,Australian Grand Prix
0 days 00:15:35.817000,17.3,51.0,1018.5,False,34.8,195,2.0,2023,Australian Grand Prix
0 days 00:16:35.832000,17.2,52.0,1018.5,False,34.8,176,1.2,2023,Australian Grand Prix
0 days 00:17:35.816000,17.2,52.0,1018.5,False,34.5,263,1.2,2023,Australian Grand Prix
0 days 00:18:35.815000,17.2,53.0,1018.5,False,34.5,64,1.2,2023,Australian Grand Prix
0 days 00:19:35.815000,17.2,53.0,1018.5,False,34.8,178,1.1,2023,Australian Grand Prix
0 days 00:20:35.814000,17.2,51.0,1018.5,False,34.8,151,1.1,2023,Australian Grand Prix
0 days 00:21:35.829000,17.1,52.0,1018.5,False,34.8,274,1.3,2023,Australian Grand Prix
0 days 00:22:35.813000,17.0,53.0,1018.5,False,34.5,0,0.8,2023,Australian Grand Prix
0 days 00:23:35.812000,17.2,53.0,1018.5,False,34.5,120,1.0,2023,Australian Grand Prix
0 days 00:24:35.811000,17.6,50.0,1018.5,False,34.8,67,0.6,2023,Australian Grand Prix
0 days 00:25:35.826000,17.7,50.0,1018.5,False,35.2,199,0.6,2023,Australian Grand Prix
0 days 00:26:35.810000,17.5,51.0,1018.5,False,34.7,54,0.4,2023,Australian Grand Prix
0 days 00:27:35.825000,17.5,51.0,1018.5,False,34.1,99,1.0,2023,Australian Grand Prix
0 days 00:28:35.824000,17.5,51.0,1018.5,False,34.1,0,1.1,2023,Australian Grand Prix
0 days 00:29:35.823000,17.6,51.0,1018.5,False,34.5,249,1.0,2023,Australian Grand Prix
0 days 00:30:35.823000,17.5,51.0,1018.5,False,34.5,185,0.8,2023,Australian Grand Prix
0 days 00:31:35.822000,17.5,52.0,1018.7,False,34.2,95,0.8,2023,Australian Grand Prix
0 days 00:32:35.821000,17.2,52.0,1018.5,False,34.2,262,1.2,2023,Australian Grand Prix
0 days 00:33:35.820000,17.2,54.0,1018.5,False,34.6,63,1.1,2023,Australian Grand Prix
0 days 00:34:35.820000,17.2,52.0,1018.5,False,34.7,147,1.0,2023,Australian Grand Prix
0 days 00:35:35.819000,17.3,52.0,1018.5,False,34.6,158,0.8,2023,Australian Grand Prix
0 days 00:36:35.818000,17.4,51.0,1018.5,False,26.6,141,0.6,2023,Australian Grand Prix
0 days 00:37:35.818000,17.4,50.0,1018.5,False,23.7,2,0.8,2023,Australian Grand Prix
0 days 00:38:35.817000,17.4,50.0,1018.5,False,22.1,282,0.6,2023,Australian Grand Prix
0 days 00:39:35.816000,17.5,50.0,1018.5,False,19.2,171,1.0,2023,Australian Grand Prix
0 days 00:40:35.816000,17.5,52.0,1018.5,False,21.6,82,1.0,2023,Australian Grand Prix
0 days 00:41:35.815000,17.5,52.0,1018.5,False,23.6,188,0.6,2023,Australian Grand Prix
0 days 00:42:35.814000,17.5,52.0,1018.5,False,21.1,185,1.0,2023,Australian Grand Prix
0 days 00:43:35.813000,17.5,53.0,1018.5,False,21.0,70,0.6,2023,Australian Grand Prix
0 days 00:44:35.813000,17.5,54.0,1018.5,False,23.0,256,1.2,2023,Australian Grand Prix
0 days 00:45:35.812000,17.6,53.0,1018.5,False,25.0,200,1.5,2023,Australian Grand Prix
0 days 00:46:35.811000,17.5,53.0,1018.5,False,25.0,139,0.5,2023,Australian Grand Prix
0 days 00:47:35.826000,17.5,51.0,1018.5,False,25.5,163,1.3,2023,Australian Grand Prix
0 days 00:48:35.810000,17.5,51.0,1018.5,False,23.9,151,1.2,2023,Australian Grand Prix
0 days 00:49:35.825000,17.4,53.0,1018.5,False,21.7,168,0.6,2023,Australian Grand Prix
0 days 00:50:35.824000,17.5,52.0,1018.5,False,24.7,0,1.2,2023,Australian Grand Prix
0 days 00:51:35.824000,17.5,52.0,1018.5,False,25.9,200,0.6,2023,Australian Grand Prix
0 days 00:52:35.823000,17.5,53.0,1018.5,False,35.4,80,1.2,2023,Australian Grand Prix
0 days 00:53:35.822000,17.5,52.0,1018.5,False,35.4,121,0.6,2023,Australian Grand Prix
0 days 00:54:35.821000,17.5,52.0,1018.5,False,34.7,55,0.6,2023,Australian Grand Prix
0 days 00:55:35.821000,17.5,51.0,1018.5,False,34.6,351,1.0,2023,Australian Grand Prix
0 days 00:56:35.820000,17.4,52.0,1018.5,False,34.7,175,0.8,2023,Australian Grand Prix
0 days 00:57:35.819000,17.4,51.0,1018.5,False,34.8,329,1.2,2023,Australian Grand Prix
0 days 00:58:35.819000,17.3,52.0,1018.5,False,34.7,189,1.2,2023,Australian Grand Prix
0 days 00:59:35.818000,17.3,53.0,1018.5,False,34.5,0,0.8,2023,Australian Grand Prix
0 days 01:00:35.833000,17.4,53.0,1018.5,False,34.5,155,0.8,2023,Australian Grand Prix
0 days 01:01:35.817000,17.4,53.0,1018.5,False,34.5,165,0.8,2023,Australian Grand Prix
0 days 01:02:35.816000,17.4,52.0,1018.5,False,34.6,149,1.0,2023,Australian Grand Prix
0 days 01:03:35.815000,17.4,52.0,1018.5,False,34.4,0,1.2,2023,Australian Grand Prix
0 days 01:04:35.814000,17.5,53.0,1018.5,False,34.2,127,0.6,2023,Australian Grand Prix
0 days 01:05:35.814000,17.6,53.0,1018.5,False,34.1,186,0.5,2023,Australian Grand Prix
0 days 01:06:35.813000,17.6,53.0,1018.7,False,34.2,138,1.2,2023,Australian Grand Prix
0 days 01:07:35.812000,17.6,52.0,1018.5,False,34.3,29,1.5,2023,Australian Grand Prix
0 days 01:08:35.812000,17.8,52.0,1018.5,False,34.4,0,0.8,2023,Australian Grand Prix
0 days 01:09:35.811000,17.8,52.0,1018.5,False,34.3,264,0.8,2023,Australian Grand Prix
0 days 01:10:35.810000,17.8,52.0,1018.5,False,34.0,163,1.2,2023,Australian Grand Prix
0 days 01:11:35.810000,17.7,52.0,1018.5,False,33.7,157,1.0,2023,Australian Grand Prix
0 days 01:12:35.824000,17.8,51.0,1018.5,False,33.7,140,1.1,2023,Australian Grand Prix
0 days 01:13:35.824000,17.8,51.0,1018.5,False,33.7,155,1.8,2023,Australian Grand Prix
0 days 01:14:35.823000,17.8,52.0,1018.5,False,33.7,156,1.7,2023,Australian Grand Prix
0 days 01:15:35.822000,17.7,53.0,1018.5,False,33.2,105,1.3,2023,Australian Grand Prix
0 days 01:16:35.822000,17.6,52.0,1018.5,False,33.4,157,0.8,2023,Australian Grand Prix
0 days 01:17:35.821000,17.5,50.0,1018.5,False,33.2,135,1.6,2023,Australian Grand Prix
0 days 01:18:35.836000,17.6,50.0,1018.5,False,33.2,156,0.8,2023,Australian Grand Prix
0 days 01:19:35.820000,17.7,51.0,1018.5,False,33.3,170,0.6,2023,Australian Grand Prix
0 days 01:20:35.803000,17.6,51.0,1018.5,False,33.5,0,0.8,2023,Australian Grand Prix
0 days 01:21:35.818000,17.6,51.0,1018.5,False,33.6,183,0.8,2023,Australian Grand Prix
0 days 01:22:35.818000,17.7,51.0,1018.5,False,33.5,155,0.8,2023,Australian Grand Prix
0 days 01:23:35.864000,17.8,52.0,1018.5,False,33.6,0,0.8,2023,Australian Grand Prix
0 days 01:24:35.816000,17.9,52.0,1018.5,False,33.3,234,1.3,2023,Australian Grand Prix
0 days 01:25:35.816000,17.8,52.0,1018.5,False,33.0,204,1.0,2023,Australian Grand Prix
0 days 01:26:35.815000,17.8,52.0,1018.5,False,33.0,201,1.1,2023,Australian Grand Prix
0 days 01:27:35.830000,17.9,52.0,1018.5,False,33.0,0,0.8,2023,Australian Grand Prix
0 days 01:28:35.813000,17.9,53.0,1018.5,False,33.0,153,0.6,2023,Australian Grand Prix
0 days 01:29:35.828000,17.9,53.0,1018.5,False,33.3,222,1.1,2023,Australian Grand Prix
0 days 01:30:35.828000,17.9,52.0,1018.4,False,33.3,0,0.6,2023,Australian Grand Prix
0 days 01:31:35.827000,17.8,52.0,1018.4,False,33.1,268,1.6,2023,Australian Grand Prix
0 days 01:32:35.857000,17.6,51.0,1018.4,False,32.9,266,1.5,2023,Australian Grand Prix
0 days 01:33:35.826000,17.6,52.0,1018.5,False,32.8,222,0.8,2023,Australian Grand Prix
0 days 01:34:35.809000,17.7,52.0,1018.5,False,32.7,283,0.6,2023,Australian Grand Prix
0 days 01:35:35.824000,17.9,52.0,1018.4,False,32.8,247,0.6,2023,Australian Grand Prix
0 days 01:36:35.823000,18.0,52.0,1018.4,False,32.9,161,1.2,2023,Australian Grand Prix
0 days 01:37:35.870000,18.0,52.0,1018.4,False,33.1,165,0.6,2023,Australian Grand Prix
0 days 01:38:35.822000,18.0,51.0,1018.5,False,33.0,74,0.6,2023,Australian Grand Prix
0 days 01:39:35.821000,18.0,51.0,1018.4,False,33.0,141,0.8,2023,Australian Grand Prix
0 days 01:40:35.821000,18.0,52.0,1018.4,False,32.9,140,1.2,2023,Australian Grand Prix
0 days 01:41:35.836000,18.0,51.0,1018.4,False,32.8,163,2.0,2023,Australian Grand Prix
0 days 01:42:35.835000,18.0,50.0,1018.5,False,32.8,128,1.2,2023,Australian Grand Prix
0 days 01:43:35.850000,18.1,51.0,1018.2,False,32.5,155,1.0,2023,Australian Grand Prix
0 days 01:44:35.818000,18.0,51.0,1018.4,False,32.5,346,1.1,2023,Australian Grand Prix
0 days 01:45:35.848000,18.1,51.0,1018.5,False,32.2,80,0.8,2023,Australian Grand Prix
0 days 01:46:35.832000,17.9,50.0,1018.4,False,32.1,142,0.8,2023,Australian Grand Prix
0 days 01:47:35.863000,17.9,51.0,1018.4,False,32.2,0,1.1,2023,Australian Grand Prix
0 days 01:48:35.909000,18.0,51.0,1018.4,False,32.3,134,1.7,2023,Australian Grand Prix
0 days 01:49:35.861000,17.9,51.0,1018.5,False,32.0,343,1.5,2023,Australian Grand Prix
0 days 01:50:35.876000,17.9,51.0,1018.4,False,32.0,126,1.8,2023,Australian Grand Prix
0 days 01:51:35.860000,17.9,51.0,1018.4,False,31.7,251,1.3,2023,Australian Grand Prix
0 days 01:52:35.875000,17.8,54.0,1018.2,False,31.7,147,0.8,2023,Australian Grand Prix
0 days 01:53:35.890000,17.9,54.0,1018.2,False,31.7,321,1.6,2023,Australian Grand Prix
0 days 01:54:35.873000,17.8,53.0,1018.2,False,31.7,120,1.7,2023,Australian Grand Prix
0 days 01:55:35.888000,17.8,53.0,1018.2,False,31.7,141,0.6,2023,Australian Grand Prix
0 days 01:56:35.888000,17.7,55.0,1018.2,False,31.7,164,1.5,2023,Australian Grand Prix
0 days 01:57:35.887000,17.8,53.0,1018.2,False,31.4,130,1.7,2023,Australian Grand Prix
0 days 01:58:35.902000,17.7,53.0,1018.2,False,31.6,148,2.2,2023,Australian Grand Prix
0 days 01:59:35.917000,17.7,52.0,1018.2,False,31.4,148,1.0,2023,Australian Grand Prix
0 days 02:00:35.932000,17.8,54.0,1018.2,False,31.4,133,1.6,2023,Australian Grand Prix
0 days 02:01:35.947000,17.8,54.0,1018.4,False,31.4,323,1.3,2023,Australian Grand Prix
0 days 02:02:35.946000,17.7,54.0,1018.2,False,31.1,147,0.6,2023,Australian Grand Prix
0 days 02:03:35.945000,17.7,54.0,1018.2,False,31.1,156,0.8,2023,Australian Grand Prix
0 days 02:04:35.945000,17.8,54.0,1018.2,False,31.0,343,1.3,2023,Australian Grand Prix
0 days 02:05:35.960000,17.8,54.0,1018.2,False,31.0,152,1.2,2023,Australian Grand Prix
0 days 02:06:35.943000,17.9,54.0,1018.4,False,30.9,91,0.6,2023,Australian Grand Prix
0 days 02:07:35.958000,17.9,54.0,1018.2,False,31.0,139,1.0,2023,Australian Grand Prix
0 days 02:08:35.942000,17.9,53.0,1018.2,False,30.8,0,1.0,2023,Australian Grand Prix
0 days 02:09:35.957000,18.0,53.0,1018.2,False,30.7,144,0.6,2023,Australian Grand Prix
0 days 02:10:35.940000,17.9,54.0,1018.0,False,30.7,326,0.8,2023,Australian Grand Prix
0 days 02:11:35.940000,17.9,54.0,1018.2,False,30.6,94,1.6,2023,Australian Grand Prix
0 days 02:12:35.939000,17.9,55.0,1018.2,False,30.6,118,1.3,2023,Australian Grand Prix
0 days 02:13:35.954000,17.8,55.0,1018.2,False,30.4,135,1.3,2023,Australian Grand Prix
0 days 02:14:35.938000,17.8,55.0,1018.4,False,30.2,155,0.8,2023,Australian Grand Prix
0 days 02:15:35.937000,17.9,55.0,1018.2,False,30.2,0,0.8,2023,Australian Grand Prix
0 days 02:16:35.952000,17.9,55.0,1018.2,False,30.2,0,1.1,2023,Australian Grand Prix
0 days 02:17:35.951000,17.8,55.0,1018.2,False,30.1,144,1.0,2023,Australian Grand Prix
0 days 02:18:35.951000,17.7,56.0,1018.4,False,30.1,128,2.2,2023,Australian Grand Prix
0 days 02:19:35.950000,17.6,56.0,1018.2,False,29.9,0,1.5,2023,Australian Grand Prix
0 days 02:20:35.949000,17.6,56.0,1018.2,False,29.9,146,1.0,2023,Australian Grand Prix
0 days 02:21:35.964000,17.6,57.0,1018.2,False,29.9,0,0.6,2023,Australian Grand Prix
0 days 02:22:35.979000,17.6,57.0,1018.2,False,29.7,156,0.8,2023,Australian Grand Prix
0 days 02:23:35.994000,17.6,57.0,1018.2,False,29.6,0,1.7,2023,Australian Grand Prix
0 days 02:24:36.025000,17.6,57.0,1018.2,False,29.6,136,1.2,2023,Australian Grand Prix
0 days 02:25:36.008000,17.5,57.0,1018.2,False,29.2,0,1.1,2023,Australian Grand Prix
0 days 02:26:36.008000,17.5,58.0,1018.4,False,29.3,90,1.2,2023,Australian Grand Prix
0 days 02:27:36.007000,17.5,58.0,1018.4,False,29.4,140,0.8,2023,Australian Grand Prix
0 days 02:28:36.006000,17.5,57.0,1018.2,False,29.2,151,1.7,2023,Australian Grand Prix
0 days 02:29:36.068000,17.5,57.0,1018.2,False,29.2,126,0.8,2023,Australian Grand Prix
0 days 02:30:36.020000,17.5,57.0,1018.2,False,29.2,133,1.2,2023,Australian Grand Prix
0 days 02:31:36.035000,17.5,57.0,1018.2,False,29.2,160,0.8,2023,Australian Grand Prix
0 days 02:32:36.035000,17.5,56.0,1018.2,False,29.1,106,0.6,2023,Australian Grand Prix
0 days 02:33:36.050000,17.5,56.0,1018.2,False,29.0,147,0.8,2023,Australian Grand Prix
0 days 02:34:36.096000,17.5,56.0,1018.2,False,28.9,61,1.3,2023,Australian Grand Prix
0 days 02:35:36.048000,17.5,56.0,1018.2,False,28.7,0,0.6,2023,Australian Grand Prix
0 days 02:36:36.032000,17.5,55.0,1018.2,False,28.9,113,1.0,2023,Australian Grand Prix
0 days 02:37:36.047000,17.5,55.0,1018.2,False,28.9,145,0.4,2023,Australian Grand Prix
0 days 02:38:36.046000,17.5,55.0,1018.2,False,28.9,154,1.6,2023,Australian Grand Prix
0 days 02:39:36.046000,17.5,56.0,1018.2,False,28.4,130,1.5,2023,Australian Grand Prix
0 days 02:40:36.061000,17.5,56.0,1018.2,False,28.4,158,1.5,2023,Australian Grand Prix
0 days 02:41:36.075000,17.4,57.0,1018.2,False,28.1,123,1.6,2023,Australian Grand Prix
0 days 02:42:36.075000,17.4,57.0,1018.2,False,28.1,166,1.6,2023,Australian Grand Prix
0 days 02:43:36.121000,17.3,57.0,1018.2,False,28.0,140,0.6,2023,Australian Grand Prix
0 days 02:44:36.073000,17.2,56.0,1018.2,False,28.0,129,0.8,2023,Australian Grand Prix
0 days 02:45:36.073000,17.3,56.0,1018.2,False,28.0,156,0.8,2023,Australian Grand Prix
0 days 02:46:36.072000,17.3,56.0,1018.2,False,28.0,174,1.1,2023,Australian Grand Prix
0 days 02:47:36.071000,17.3,56.0,1018.2,False,27.7,111,1.8,2023,Australian Grand Prix
0 days 02:48:36.071000,17.2,58.0,1018.2,False,27.4,171,1.3,2023,Australian Grand Prix
0 days 02:49:50.961000,17.2,58.0,1018.2,False,27.4,96,1.2,2023,Australian Grand Prix
0 days 02:50:36.069000,17.3,58.0,1018.4,False,27.4,85,1.2,2023,Australian Grand Prix
0 days 02:51:36.069000,17.3,58.0,1018.2,False,27.5,122,1.2,2023,Australian Grand Prix
0 days 02:52:36.068000,17.3,57.0,1018.2,False,27.5,151,1.0,2023,Australian Grand Prix
0 days 02:53:36.067000,17.2,58.0,1018.2,False,27.5,141,1.2,2023,Australian Grand Prix
0 days 02:54:36.082000,17.3,58.0,1018.2,False,27.4,12,1.0,2023,Australian Grand Prix
0 days 02:55:36.066000,17.2,58.0,1018.2,False,27.2,0,1.6,2023,Australian Grand Prix
0 days 02:56:36.081000,17.3,59.0,1018.4,False,27.1,12,1.1,2023,Australian Grand Prix
0 days 02:57:36.080000,17.2,58.0,1018.4,False,27.2,138,1.2,2023,Australian Grand Prix
0 days 02:58:36.673000,17.2,58.0,1018.2,False,27.2,57,1.1,2023,Australian Grand Prix
0 days 02:59:36.063000,17.2,58.0,1018.2,False,27.0,158,1.8,2023,Australian Grand Prix
0 days 03:00:36.078000,17.1,58.0,1018.2,False,27.0,130,0.4,2023,Australian Grand Prix
0 days 03:01:36.093000,17.2,57.0,1018.2,False,27.1,144,0.8,2023,Australian Grand Prix
0 days 03:02:36.077000,17.2,57.0,1018.2,False,27.1,155,0.8,2023,Australian Grand Prix
0 days 03:03:36.076000,17.2,57.0,1018.2,False,27.0,128,0.6,2023,Australian Grand Prix
0 days 03:04:36.075000,17.2,57.0,1018.2,False,26.7,142,1.0,2023,Australian Grand Prix
0 days 03:05:36.075000,17.2,56.0,1018.2,False,26.8,165,0.8,2023,Australian Grand Prix
0 days 03:06:36.074000,17.2,56.0,1018.2,False,26.8,141,1.7,2023,Australian Grand Prix
0 days 03:07:36.073000,17.1,57.0,1018.2,False,26.3,131,0.8,2023,Australian Grand Prix
0 days 03:08:36.073000,17.2,57.0,1018.2,False,26.3,134,0.8,2023,Australian Grand Prix
0 days 03:09:36.072000,17.1,57.0,1018.2,False,26.3,13,1.2,2023,Australian Grand Prix
0 days 03:10:36.071000,17.1,56.0,1018.2,False,26.2,149,0.6,2023,Australian Grand Prix
0 days 03:11:36.071000,17.1,57.0,1018.2,False,26.2,108,0.8,2023,Australian Grand Prix
0 days 03:12:36.070000,17.1,57.0,1018.2,False,26.1,175,0.6,2023,Australian Grand Prix
0 days 03:13:36.069000,17.0,57.0,1018.2,False,25.8,155,0.8,2023,Australian Grand Prix
0 days 03:14:36.069000,17.0,57.0,1018.4,False,25.7,143,1.1,2023,Australian Grand Prix
0 days 03:15:36.068000,16.9,57.0,1018.2,False,25.5,108,1.2,2023,Australian Grand Prix
0 days 03:16:36.067000,17.0,58.0,1018.2,False,25.4,129,0.8,2023,Australian Grand Prix
0 days 03:17:36.067000,17.0,59.0,1018.2,False,25.3,0,0.8,2023,Australian Grand Prix
0 days 03:18:36.066000,16.9,59.0,1018.2,False,25.2,148,1.6,2023,Australian Grand Prix
0 days 03:19:36.065000,16.9,57.0,1018.2,False,25.2,134,1.5,2023,Australian Grand Prix
0 days 03:20:36.064000,16.9,58.0,1018.2,False,25.1,135,1.2,2023,Australian Grand Prix
0 days 03:21:36.095000,16.8,59.0,1018.2,False,25.1,129,1.2,2023,Australian Grand Prix
0 days 03:22:36.079000,16.9,60.0,1018.2,False,25.0,90,1.0,2023,Australian Grand Prix
0 days 03:23:36.094000,16.9,59.0,1018.4,False,24.9,49,1.8,2023,Australian Grand Prix
0 days 03:24:36.109000,16.9,60.0,1018.4,False,24.7,150,1.7,2023,Australian Grand Prix
0 days 03:25:36.108000,16.9,60.0,1018.2,False,24.5,121,1.8,2023,Australian Grand Prix
0 days 03:26:36.123000,16.8,61.0,1018.2,False,24.5,107,1.5,2023,Australian Grand Prix
0 days 03:27:36.122000,16.8,60.0,1018.2,False,24.5,107,1.5,2023,Australian Grand Prix
0 days 03:28:36.121000,16.9,60.0,1018.2,False,24.4,107,1.5,2023,Australian Grand Prix
0 days 03:29:36.136000,16.9,61.0,1018.2,False,24.4,107,1.5,2023,Australian Grand Prix
0 days 03:30:36.136000,16.9,60.0,1018.2,False,24.3,107,5.0,2023,Australian Grand Prix
0 days 03:31:36.135000,16.9,60.0,1018.2,False,24.3,107,5.0,2023,Australian Grand Prix
0 days 03:32:36.150000,16.9,59.0,1018.2,False,24.3,92,1.7,2023,Australian Grand Prix
0 days 03:33:36.165000,16.9,58.0,1018.2,False,24.2,81,1.1,2023,Australian Grand Prix
0 days 03:34:36.164000,16.9,58.0,1018.4,False,24.0,115,1.5,2023,Australian Grand Prix
0 days 03:35:36.179000,16.9,58.0,1018.2,False,24.0,145,2.0,2023,Australian Grand Prix
0 days 03:36:36.194000,16.9,59.0,1018.4,False,23.9,137,1.6,2023,Australian Grand Prix
0 days 03:37:36.178000,16.9,58.0,1018.4,False,23.8,143,1.7,2023,Australian Grand Prix
0 days 03:38:36.193000,16.9,57.0,1018.4,False,24.0,128,1.2,2023,Australian Grand Prix
0 days 03:39:36.192000,16.9,57.0,1018.4,False,23.8,165,1.2,2023,Australian Grand Prix
0 days 03:40:36.207000,16.9,59.0,1018.4,False,23.7,169,1.5,2023,Australian Grand Prix
0 days 03:41:36.237000,16.9,57.0,1018.4,False,23.7,169,2.5,2023,Australian Grand Prix
